,days_over,return_period
0,0.0,1.0333333333333334
1,1.0,2.5833333333333335
2,2.0,3.1
3,3.0,6.2
4,4.0,7.75
5,8.0,31.0
