,days_over,return_period
0,0.0,1.0333333333333334
1,1.0,1.8235294117647058
2,2.0,4.428571428571429
3,3.0,7.75
4,4.0,15.5
5,6.0,31.0
