,days_over,return_period
0,0.0,1.0333333333333334
1,1.0,2.066666666666667
2,2.0,2.8181818181818183
3,3.0,7.75
4,5.0,10.333333333333334
5,7.0,31.0
