,days_over,return_period
0,0.0,1.0333333333333334
1,1.0,2.8181818181818183
2,2.0,3.875
3,3.0,7.75
4,4.0,15.5
5,6.0,31.0
