,days_over,return_period
0,0.0,1.0333333333333334
1,1.0,2.2142857142857144
2,2.0,3.4444444444444446
3,3.0,7.75
4,9.0,31.0
