,days_over,return_period
0,0.0,1.0333333333333334
1,1.0,3.4444444444444446
2,3.0,3.875
3,4.0,5.166666666666667
4,6.0,10.333333333333334
5,8.0,31.0
