,days_over,return_period
0,0.0,1.0333333333333334
1,1.0,2.2142857142857144
2,2.0,3.1
3,3.0,7.75
4,4.0,10.333333333333334
5,6.0,15.5
6,8.0,31.0
