,days_over,return_period
0,0.0,1.0333333333333334
1,1.0,2.066666666666667
2,2.0,3.4444444444444446
3,3.0,5.166666666666667
4,4.0,15.5
5,5.0,31.0
