,days_over,return_period
0,0.0,1.0333333333333334
1,1.0,3.4444444444444446
2,2.0,3.875
3,5.0,10.333333333333334
4,6.0,15.5
5,9.0,31.0
