,days_over,return_period
0,0.0,1.0333333333333334
1,1.0,2.8181818181818183
2,2.0,5.166666666666667
3,3.0,6.2
4,4.0,10.333333333333334
5,8.0,31.0
