,days_over,return_period
0,0.0,1.0001
1,1.0,3.883883495145631
2,2.0,7.905928853754941
3,3.0,14.04634831460674
4,4.0,24.040865384615383
5,5.0,38.465384615384615
6,6.0,59.529761904761905
7,7.0,95.24761904761905
8,8.0,151.53030303030303
9,9.0,232.58139534883722
10,10.0,333.3666666666667
11,11.0,454.59090909090907
12,12.0,555.6111111111111
13,13.0,769.3076923076923
14,14.0,833.4166666666666
15,15.0,1250.125
16,16.0,1666.8333333333333
17,17.0,3333.6666666666665
18,18.0,5000.5
