,days_over,return_period
0,0.0,1.0333333333333334
1,1.0,2.3846153846153846
2,2.0,2.5833333333333335
3,3.0,7.75
4,5.0,10.333333333333334
5,7.0,31.0
