,days_over,return_period
0,0.0,1.0333333333333334
1,2.0,3.875
2,4.0,10.333333333333334
3,9.0,15.5
4,10.0,31.0
