,days_over,return_period
0,0.0,1.0333333333333334
1,1.0,2.3846153846153846
2,2.0,3.1
3,3.0,6.2
4,4.0,15.5
5,5.0,31.0
