,days_over,return_period
0,0.0,1.0333333333333334
1,1.0,3.875
2,2.0,6.2
3,3.0,10.333333333333334
4,6.0,15.5
5,10.0,31.0
