,days_over,return_period
0,0.0,1.0333333333333334
1,1.0,3.1
2,2.0,3.4444444444444446
3,3.0,4.428571428571429
4,4.0,7.75
5,5.0,10.333333333333334
6,8.0,31.0
